{
    "halfmoons": {
        "6": {
            "EM": {
                "lr": 0,
                "epochs": 200,
                "ll": -1.0996510982513428
            },
            "GD": {
                "lr": 0.025,
                "epochs": 200,
                "ll": -1.0996878147125244
            },
            "SM": {
                "lr": 0.025,
                "epochs": 200,
                "ll": -1.116053581237793
            },
            "SSM": {
                "lr": 0.025,
                "epochs": 200,
                "ll": -1.1146411895751953
            }
        },
        "10": {
            "EM": {
                "lr": 0,
                "epochs": 200,
                "ll": -1.0429939031600952
            },
            "GD": {
                "lr": 0.05,
                "epochs": 200,
                "ll": -1.0229331254959106
            },
            "SM": {
                "lr": 0.025,
                "epochs": 200,
                "ll": -1.0598903894424438
            },
            "SSM": {
                "lr": 0.05,
                "epochs": 200,
                "ll": -1.053808569908142
            }
        },
        "16": {
            "EM": {
                "lr": 0,
                "epochs": 50,
                "ll": -1.2874680757522583
            },
            "GD": {
                "lr": 0.05,
                "epochs": 200,
                "ll": -1.0091183185577393
            },
            "SM": {
                "lr": 0.01,
                "epochs": 200,
                "ll": -1.0256158113479614
            },
            "SSM": {
                "lr": 0.01,
                "epochs": 200,
                "ll": -1.0440566539764404
            }
        }
    },
    "spirals": {
        "20": {
            "EM": {
                "lr": 0,
                "epochs": 50,
                "ll": -2.7968037128448486
            },
            "GD": {
                "lr": 0.025,
                "epochs": 200,
                "ll": -2.764540672302246
            },
            "SM": {
                "lr": 0.01,
                "epochs": 200,
                "ll": -2.8181066513061523
            },
            "SSM": {
                "lr": 0.01,
                "epochs": 200,
                "ll": -2.8361129760742188
            }
        },
        "40": {
            "EM": {
                "lr": 0,
                "epochs": 200,
                "ll": -2.7318406105041504
            },
            "GD": {
                "lr": 0.025,
                "epochs": 200,
                "ll": -2.6570487022399902
            },
            "SM": {
                "lr": 0.025,
                "epochs": 200,
                "ll": -2.7655014991760254
            },
            "SSM": {
                "lr": 0.025,
                "epochs": 200,
                "ll": -2.7444076538085938
            }
        },
        "80": {
            "EM": {
                "lr": 0,
                "epochs": 50,
                "ll": -2.7932372093200684
            },
            "GD": {
                "lr": 0.05,
                "epochs": 100,
                "ll": -2.6622064113616943
            },
            "SM": {
                "lr": 0.01,
                "epochs": 100,
                "ll": -2.802865743637085
            },
            "SSM": {
                "lr": 0.025,
                "epochs": 200,
                "ll": -2.7611565589904785
            }
        }
    },
    "board": {
        "8": {
            "EM": {
                "lr": 0,
                "epochs": 50,
                "ll": -3.7953600883483887
            },
            "GD": {
                "lr": 0.05,
                "epochs": 100,
                "ll": -3.7954025268554688
            },
            "SM": {
                "lr": 0.01,
                "epochs": 100,
                "ll": -3.7969970703125
            },
            "SSM": {
                "lr": 0.01,
                "epochs": 100,
                "ll": -3.797960042953491
            }
        },
        "60": {
            "EM": {
                "lr": 0,
                "epochs": 100,
                "ll": -3.6335408687591553
            },
            "GD": {
                "lr": 0.025,
                "epochs": 200,
                "ll": -3.599031448364258
            },
            "SM": {
                "lr": 0.01,
                "epochs": 100,
                "ll": -3.683316707611084
            },
            "SSM": {
                "lr": 0.01,
                "epochs": 100,
                "ll": -3.6936447620391846
            }
        },
        "100": {
            "EM": {
                "lr": 0,
                "epochs": 100,
                "ll": -3.613018751144409
            },
            "GD": {
                "lr": 0.01,
                "epochs": 200,
                "ll": -3.579648017883301
            },
            "SM": {
                "lr": 0.025,
                "epochs": 50,
                "ll": -3.707019805908203
            },
            "SSM": {
                "lr": 0.025,
                "epochs": 50,
                "ll": -3.679577350616455
            }
        }
    }
}