{
    "spirals": {
        "SGD": {
            "lr": 0.1,
            "epochs": 100,
            "ll": -2.6688344478607178
        },
        "EM": {
            "lr": null,
            "epochs": 200,
            "ll": -2.7159976959228516
        },
        "SSM": {
            "lr": 0.01,
            "epochs": 200,
            "ll": -2.7773218154907227
        },
        "SM": {
            "lr": 0.01,
            "epochs": 200,
            "ll": -2.732825994491577
        }
    },
    "board": {
        "SM": {
            "lr": 0.01,
            "epochs": 100,
            "ll": -3.725764513015747
        },
        "SGD": {
            "lr": 0.01,
            "epochs": 200,
            "ll": -3.586663007736206
        },
        "EM": {
            "lr": null,
            "epochs": 100,
            "ll": -3.6063129901885986
        },
        "SSM": {
            "lr": 0.01,
            "epochs": 200,
            "ll": -3.6877312660217285
        }
    },
    "moons": {
        "SGD": {
            "lr": 0.1,
            "epochs": 200,
            "ll": -1.01240873336792
        },
        "SM": {
            "lr": 0.01,
            "epochs": 200,
            "ll": -1.0170190334320068
        },
        "SSM": {
            "lr": 0.01,
            "epochs": 200,
            "ll": -1.0215096473693848
        },
        "EM": {
            "lr": null,
            "epochs": 200,
            "ll": -1.0360716581344604
        }
    }
}