{
    "spirals": {
        "SGD": {
            "K": 50,
            "lr": 0.1,
            "epochs": 100,
            "ll": -2.6688344478607178
        },
        "EM": {
            "K": 30,
            "lr": null,
            "epochs": 200,
            "ll": -2.7159976959228516
        },
        "SSM": {
            "K": 30,
            "lr": 0.01,
            "epochs": 300,
            "ll": -2.726425886154175
        },
        "SM": {
            "K": 30,
            "lr": 0.01,
            "epochs": 300,
            "ll": -2.732825994491577
        }
    },
    "board": {
        "K": 100,
        "SM": {
            "lr": 0.01,
            "epochs": 50,
            "ll": -3.785633087158203
        },
        "SGD": {
            "lr": 0.01,
            "epochs": 200,
            "ll": -3.576836347579956
        },
        "EM": {
            "lr": 0,
            "epochs": 100,
            "ll": -3.636847972869873
        },
        "SSM": {
            "lr": 0.01,
            "epochs": 100,
            "ll": -3.698997974395752
        }
    },
    "moons": {
        "SGD": {
            "K": 14,
            "lr": 0.1,
            "epochs": 200,
            "ll": -1.01240873336792
        },
        "SM": {
            "K": 14,
            "lr": 0.01,
            "epochs": 200,
            "ll": -1.0170190334320068
        },
        "SSM": {
            "K": 14,
            "lr": 0.01,
            "epochs": 200,
            "ll": -1.0215096473693848
        },
        "EM": {
            "K": 8,
            "lr": null,
            "epochs": 200,
            "ll": -1.0360716581344604
        }
    }
}