{
    "halfmoons": {
        "8": {
            "EM": {
                "lr": 0,
                "epochs": 200,
                "ll": -1.0360716581344604
            },
            "SGD": {
                "lr": 0.025,
                "epochs": 200,
                "ll": -1.0350106954574585
            },
            "SM": {
                "lr": 0.05,
                "epochs": 200,
                "ll": -1.092875361442566
            },
            "SSM": {
                "lr": 0.01,
                "epochs": 200,
                "ll": -1.1257182359695435
            }
        },
        "12": {
            "EM": {
                "lr": 0,
                "epochs": 200,
                "ll": -1.1720325946807861
            },
            "SGD": {
                "lr": 0.025,
                "epochs": 200,
                "ll": -1.0117696523666382
            },
            "SM": {
                "lr": 0.01,
                "epochs": 200,
                "ll": -1.0670021772384644
            },
            "SSM": {
                "lr": 0.025,
                "epochs": 200,
                "ll": -1.0545158386230469
            }
        },
        "20": {
            "EM": {
                "lr": 0,
                "epochs": 50,
                "ll": -1.2491612434387207
            },
            "SGD": {
                "lr": 0.05,
                "epochs": 200,
                "ll": -1.0098522901535034
            },
            "SM": {
                "lr": 0.05,
                "epochs": 200,
                "ll": -1.0594019889831543
            },
            "SSM": {
                "lr": 0.01,
                "epochs": 200,
                "ll": -1.0459282398223877
            }
        }
    },
    "spirals": {
        "20": {
            "EM": {
                "lr": 0,
                "epochs": 50,
                "ll": -2.7968037128448486
            },
            "SGD": {
                "lr": 0.025,
                "epochs": 200,
                "ll": -2.764540672302246
            },
            "SM": {
                "lr": 0.01,
                "epochs": 200,
                "ll": -2.8181066513061523
            },
            "SSM": {
                "lr": 0.01,
                "epochs": 200,
                "ll": -2.8361129760742188
            }
        },
        "40": {
            "EM": {
                "lr": 0,
                "epochs": 200,
                "ll": -2.7318406105041504
            },
            "SGD": {
                "lr": 0.025,
                "epochs": 200,
                "ll": -2.6570487022399902
            },
            "SM": {
                "lr": 0.025,
                "epochs": 200,
                "ll": -2.7655014991760254
            },
            "SSM": {
                "lr": 0.025,
                "epochs": 200,
                "ll": -2.7444076538085938
            }
        },
        "80": {
            "EM": {
                "lr": 0,
                "epochs": 50,
                "ll": -2.7932372093200684
            },
            "SGD": {
                "lr": 0.05,
                "epochs": 100,
                "ll": -2.6622064113616943
            },
            "SM": {
                "lr": 0.01,
                "epochs": 100,
                "ll": -2.802865743637085
            },
            "SSM": {
                "lr": 0.025,
                "epochs": 200,
                "ll": -2.7611565589904785
            }
        }
    },
    "board": {
        "8": {
            "EM": {
                "lr": 0,
                "epochs": 50,
                "ll": -3.7953600883483887
            },
            "SGD": {
                "lr": 0.05,
                "epochs": 100,
                "ll": -3.7954025268554688
            },
            "SM": {
                "lr": 0.01,
                "epochs": 100,
                "ll": -3.7969970703125
            },
            "SSM": {
                "lr": 0.01,
                "epochs": 100,
                "ll": -3.797960042953491
            }
        },
        "60": {
            "EM": {
                "lr": 0,
                "epochs": 100,
                "ll": -3.6335408687591553
            },
            "SGD": {
                "lr": 0.025,
                "epochs": 200,
                "ll": -3.599031448364258
            },
            "SM": {
                "lr": 0.01,
                "epochs": 100,
                "ll": -3.683316707611084
            },
            "SSM": {
                "lr": 0.01,
                "epochs": 100,
                "ll": -3.6936447620391846
            }
        },
        "100": {
            "EM": {
                "lr": 0,
                "epochs": 100,
                "ll": -3.613018751144409
            },
            "SGD": {
                "lr": 0.01,
                "epochs": 200,
                "ll": -3.579648017883301
            },
            "SM": {
                "lr": 0.025,
                "epochs": 50,
                "ll": -3.707019805908203
            },
            "SSM": {
                "lr": 0.025,
                "epochs": 50,
                "ll": -3.679577350616455
            }
        }
    }
}